epoch,average_reward
0,0.6780000000000003
1,0.5926666666666668
2,0.638
3,0.5246666666666665
4,0.4166666666666667
5,0.48599999999999993
6,0.3
7,0.4179999999999999
8,0.3313333333333333
9,0.33266666666666656
