epoch, loss
0,0.8360792795817057
1,0.3145141283671061
2,0.1984616756439209
3,0.18012849489847818
4,0.17352787653605142
5,0.16655666033426922
6,0.15870154698689778
7,0.1550107796986898
8,0.1511146863301595
9,0.14914097785949706
